wavelength_nm,flux
369.99863,1722.7078
370.08383,1719.5308
370.16907,1326.348
370.2543,1458.3185
370.33957,1281.4795
370.42487,1554.1818
370.51016,1389.7606
370.5955,1278.4641
370.68082,1433.0533
370.76617,1400.1698
370.85156,1247.001
370.93695,1525.4282
371.0224,789.28516
371.10782,1389.0984
371.1933,1306.1935
371.27875,1215.2495
371.36426,1208.0524
371.44977,1049.367
371.53534,1566.0825
371.62088,1541.1451
371.70648,1175.4836
371.79205,1365.789
371.8777,1556.6665
371.96332,1585.1803
372.04898,1746.759
372.13464,1615.7673
372.22034,1053.839
372.30606,1372.9404
372.39178,1056.298
372.47757,1249.8824
372.56332,1224.8558
372.6491,1311.2134
372.73492,1417.5886
372.82077,1556.8508
372.90665,1078.714
372.9925,1258.9366
373.0784,1395.9236
373.16434,1129.773
373.25024,1148.0839
373.3362,935.3637
373.42218,859.7271
373.50818,907.66156
373.59418,926.75635
373.68024,895.6128
373.7663,870.6604
373.85236,1339.7341
373.93842,1432.4996
374.02457,1307.9008
374.1107,1576.211
374.19684,1949.0942
374.28302,1519.3115
374.3692,1582.3667
374.4554,1627.3448
374.54166,1509.6636
374.6279,1095.2091
374.71417,1479.3319
374.80048,1184.2013
374.88678,1142.8528
374.97308,996.0254
375.05945,968.2042
375.1458,1120.5636
375.2322,771.2161
375.31863,995.2996
375.40506,1602.2129
375.49152,866.02795
375.57797,1539.7438
375.66446,1638.817
375.75098,1870.5103
375.8375,1625.5114
375.92404,1249.1936
376.01062,1200.1302
376.09723,1512.323
376.1838,1193.0995
376.27045,1237.336
376.35712,1410.6738
376.4438,1548.7234
376.53046,1909.5405
376.61716,1426.1858
376.70392,1346.8037
376.79065,1517.8511
376.8774,1036.2557
376.9642,1100.4237
377.051,1001.6551
377.13785,763.03723
377.22467,1043.9122
377.31158,1138.4706
377.39844,1409.9568
377.48535,1481.3995
377.5723,1481.0486
377.65924,1451.0511
377.74622,1512.2025
377.8332,1594.337
377.92023,1686.0427
378.00723,1699.0118
378.0943,1564.7737
378.18134,1661.1493
378.26843,1493.662
378.35553,1655.7594
378.4427,1998.5417
378.52985,1766.649
378.617,1966.4938
378.7042,1747.888
378.7914,1438.9052
378.87863,1255.7433
378.96588,1518.8132
379.05316,1551.4862
379.14044,1492.6979
379.22775,1675.3113
379.3151,1575.3071
379.40244,1334.3485
379.4898,1217.2745
379.5772,1208.8329
379.6646,1182.2847
379.752,1189.2244
379.83948,1221.1558
379.92694,1038.417
380.01447,1019.40216
380.10196,1141.7488
380.1895,969.4935
380.27704,1485.0228
380.36462,1531.9788
380.4522,1261.2216
380.53983,1583.3811
380.62747,1881.2988
380.71512,1714.6024
380.8028,1839.5579
380.89047,1542.8917
380.9782,1575.8485
381.06592,1848.063
381.1537,1688.4154
381.24146,1573.2327
381.32925,1665.3503
381.41705,1623.7435
381.50488,1627.2222
381.59274,1482.1732
381.6806,1516.9323
381.7685,1500.3572
381.8564,1689.0807
381.94437,1645.1111
382.03232,1635.3223
382.1203,1574.4619
382.2083,1397.9701
382.29633,1433.4042
382.38434,1364.8503
382.4724,1343.6852
382.5605,1398.9061
382.6486,1327.3427
382.7367,1519.0365
382.82486,1524.0676
382.913,1220.3228
383.00116,1189.4861
383.0894,1142.5323
383.17758,1414.5459
383.26584,933.4772
383.3541,1167.4858
383.44238,622.524
383.5307,719.3315
383.619,900.1772
383.70734,913.4238
383.79572,919.8106
383.8841,924.4612
383.97247,966.47955
384.0609,994.835
384.14935,1003.497
384.23782,1353.4668
384.3263,1227.9646
384.41483,1155.2622
384.50336,1455.5144
384.59186,1438.9852
384.68045,1337.8462
384.76904,1532.7268
384.85764,1539.501
384.94626,1823.3608
385.0349,1515.4955
385.1236,1241.6061
385.21228,1707.8043
385.30096,1499.613
385.3897,1857.7458
385.47845,1658.4468
385.56723,1393.74
385.656,1673.9559
385.7448,1544.9237
385.83368,1187.5519
385.92252,1602.1608
386.01138,1328.7394
386.10028,1347.9086
386.18918,1684.5752
386.27814,1649.8818
386.36707,1840.7435
386.45605,1635.9569
386.54504,1607.4022
386.63406,1770.9792
386.72308,1577.6173
386.81216,1571.808
386.9012,1649.1196
386.99033,1595.1558
387.07944,1599.564
387.16858,1525.6976
387.25775,1395.5653
387.34692,1453.5118
387.43613,1446.0588
387.52533,1424.0953
387.61456,1657.8276
387.70386,1512.1293
387.79315,1646.3689
387.88242,1298.1298
387.97174,1273.4313
388.0611,1313.5792
388.15045,1444.5613
388.23984,1738.8966
388.32925,1556.9106
388.41867,1406.2543
388.50812,1328.6084
388.5976,1335.5789
388.68707,948.8059
388.77658,1173.2324
388.86612,903.5147
388.95566,982.5213
389.04523,826.76447
389.13483,927.2984
389.22443,962.7739
389.3141,1048.6285
389.40375,1177.3429
389.4934,1267.0093
389.5831,1232.9154
389.67282,1240.8217
389.76254,1230.1973
389.85233,1533.0273
389.94208,1332.8832
390.0319,1405.1407
390.1217,1366.8372
390.21155,1313.7147
390.3014,1408.099
390.3913,1402.4419
390.48117,1508.923
390.5711,1457.5869
390.66107,1579.9042
390.751,1526.1654
390.841,1365.7268
390.931,1399.3105
391.02103,1413.9528
391.11108,1522.9341
391.20114,1610.2427
391.29123,1658.7584
391.38135,1558.9398
391.47147,1506.7109
391.5616,1511.2861
391.6518,1474.8506
391.74197,1556.6019
391.83218,1506.4957
391.92242,1499.4082
392.01266,1359.6461
392.10297,1369.9729
392.19324,1276.9143
392.28357,1257.3629
392.3739,1469.9766
392.46426,1394.9078
392.55463,1408.2906
392.64505,1499.8726
392.73544,1406.5016
392.8259,1234.5442
392.91635,1033.2625
393.00684,1197.7314
393.09735,836.57965
393.18787,648.84235
393.2784,588.24835
393.36896,492.9687
393.45956,192.74214
393.55017,422.24188
393.6408,463.36636
393.73145,611.7051
393.8221,802.6041
393.9128,1058.767
394.00354,1193.4482
394.09427,1236.9695
394.185,1314.466
394.2758,1419.9437
394.36658,1444.0
394.4574,1407.8607
394.54825,1291.815
394.6391,1483.6722
394.72998,1375.176
394.82086,1322.6023
394.9118,1441.052
395.00275,1363.3767
395.0937,1498.7456
395.1847,1375.1818
395.2757,1319.3428
395.36673,1469.307
395.45776,1503.2643
395.54883,1432.3983
395.63992,1406.6785
395.73102,1414.9813
395.82217,1462.2727
395.91333,1403.4309
396.0045,1477.8256
396.09567,1543.1034
396.1869,1250.4156
396.27814,1059.9509
396.3694,1050.7482
396.46066,1141.7567
396.55197,1076.442
396.64328,766.5074
396.73462,756.1263
396.826,465.7439
396.9174,377.04388
397.0088,427.58652
397.1002,571.51154
397.19165,570.5037
397.28314,632.25
397.3746,880.42236
397.46613,826.2948
397.55765,1151.3778
397.6492,1059.5244
397.74078,1193.2643
397.83237,1221.4425
397.92398,1356.7732
398.01562,1402.0125
398.10727,1254.7521
398.19894,1536.4602
398.29065,1442.2325
398.3824,1563.1172
398.47412,1247.0896
398.56586,1517.9731
398.65765,1438.8595
398.74945,1417.7784
398.84128,1318.7286
398.93314,1536.6975
399.025,1578.3169
399.11688,1422.7749
399.2088,1478.9408
399.30072,1525.2072
399.3927,1659.3801
399.48468,1508.1039
399.57666,1484.1741
399.66867,1457.2717
399.7607,1415.2169
399.85278,1297.8822
399.94485,1378.3163
400.03696,1446.1334
400.1291,1499.0782
400.22122,1476.5869
400.3134,1488.3765
400.40558,1419.4463
400.49777,1360.8679
400.59003,1482.3463
400.68225,1507.2902
400.77454,1551.1951
400.86682,1599.6804
400.95914,1400.483
401.05145,1472.5696
401.14383,1662.1255
401.2362,1602.8774
401.3286,1622.6267
401.42102,1292.3557
401.51346,1336.7516
401.60593,1565.7002
401.69843,1464.1361
401.79092,1376.1283
401.88345,1406.2396
401.97598,1584.9534
402.06854,1456.9153
402.16116,1412.6503
402.25375,1464.5548
402.34637,1410.9479
402.43903,1531.9387
402.5317,1391.2926
402.62442,1458.9838
402.71713,1521.5642
402.80988,1537.3073
402.90265,1799.9214
402.99542,1484.1859
403.08823,1444.8977
403.18106,1300.0629
403.2739,1364.2646
403.36676,1331.3798
403.45966,1388.0221
403.55255,1374.9452
403.6455,1473.0051
403.73846,1550.7217
403.83142,1639.9128
403.9244,1550.0333
404.01743,1567.0438
404.11047,1520.3816
404.20355,1561.7675
404.29663,1590.4906
404.3897,1420.9199
404.48285,1410.4175
404.576,1485.203
404.66916,1331.3141
404.76236,1414.7101
404.85556,1505.8271
404.9488,1454.0189
405.04205,1545.6998
405.1353,1564.6224
405.2286,1455.8654
405.32196,1455.0983
405.41528,1437.2449
405.50864,1440.841
405.60202,1425.581
405.69543,1361.0978
405.78885,1410.707
405.8823,1406.3014
405.97577,1451.9354
406.06927,1499.8954
406.16278,1493.4912
406.2563,1510.1173
406.34985,1523.266
406.44342,1357.2472
406.53705,1371.8304
406.63065,1437.803
406.7243,1486.1688
406.81793,1282.1343
406.91165,1474.2344
407.00534,1480.5624
407.09906,1422.621
407.1928,1333.3514
407.2866,1499.2305
407.38037,1444.5314
407.47418,1376.0082
407.56805,1652.3534
407.6619,1378.9127
407.75577,1296.4816
407.84967,1315.0619
407.94357,1331.9076
408.03754,1394.0443
408.1315,1369.1343
408.2255,1483.3414
408.3195,1504.8368
408.4135,1492.9543
408.50757,1435.1475
408.60162,1339.5952
408.69574,1395.6666
408.78986,1400.4321
408.88397,1401.3706
408.97815,1546.9506
409.07233,1403.103
409.16653,1444.3256
409.26077,1377.3351
409.355,1398.0776
409.44928,1407.5521
409.54358,1400.3412
409.63788,1369.9368
409.73224,1300.7323
409.82657,1231.2722
409.92096,1244.4572
410.01532,1171.0078
410.10977,1023.9705
410.2042,848.3799
410.29868,824.77783
410.39316,797.4019
410.48764,859.8934
410.58218,1202.1621
410.67676,1182.1571
410.77133,1240.2839
410.8659,1275.8057
410.96054,1189.0111
411.05518,1378.697
411.1498,1319.2645
411.24454,1276.737
411.3392,1347.1158
411.43393,1269.2366
411.52866,1375.2573
411.62344,1549.8708
411.71826,1481.911
411.81305,1405.7782
411.9079,1484.6766
412.00275,1384.8638
412.0976,1341.0588
412.19254,1430.4148
412.28745,1376.8522
412.3824,1370.1381
412.47736,1414.26
412.57236,1510.2758
412.66733,1396.2454
412.7624,1351.5259
412.85742,1329.9982
412.95248,1476.3026
413.0476,1385.9572
413.14273,1508.4518
413.23788,1343.3855
413.333,1436.0396
413.42822,1324.7201
413.52344,1470.0428
413.61865,1320.8068
413.71393,1497.8805
413.80917,1509.3368
413.90445,1397.6382
413.99982,1517.8398
414.09512,1472.305
414.1905,1537.5215
414.28583,1491.8065
414.38126,1439.4072
414.4767,1378.7725
414.5721,1349.4836
414.66763,1328.2192
414.7631,1386.1426
414.85858,1451.4656
414.95416,1391.1642
415.0497,1457.404
415.14526,1445.6067
415.24088,1382.4343
415.33652,1363.7462
415.4322,1275.6233
415.52783,1382.8973
415.62354,1318.9369
415.71924,1292.9263
415.81494,1361.1954
415.9107,1422.1099
416.0065,1395.5065
416.1023,1350.5297
416.1981,1457.3213
416.29395,1430.9359
416.38983,1525.5299
416.4857,1446.7334
416.58163,1440.9528
416.67755,1449.9342
416.77353,1509.8414
416.86948,1297.5651
416.96548,1254.406
417.06152,1535.3525
417.15756,1346.2932
417.2536,1248.5
417.3497,1272.3995
417.4458,1199.0717
417.54193,1285.1663
417.6381,1242.4403
417.73428,1253.3933
417.83047,1237.5592
417.9267,1280.1655
418.02295,1399.533
418.1192,1373.2068
418.21548,1456.1538
418.31183,1265.2406
418.4081,1387.3082
418.5045,1340.3264
418.6009,1257.8694
418.69727,1355.4116
418.79364,1369.64
418.89014,1280.4524
418.98657,1299.5277
419.08307,1425.0863
419.1796,1390.0967
419.27612,1374.9554
419.37265,1320.6373
419.46924,1392.2635
419.56583,1469.18
419.66245,1380.4585
419.7591,1300.7532
419.85577,1294.3173
419.95245,1252.3987
420.04916,1232.4197
420.1459,1295.8031
420.2426,1282.8174
420.33942,1257.0255
420.43622,1311.6411
420.53302,1350.9932
420.62988,1341.7711
420.72675,1320.0244
420.82364,1375.2043
420.92056,1277.797
421.0175,1337.5931
421.1144,1410.4264
421.21136,1356.971
421.3084,1410.3667
421.40543,1329.936
421.50244,1411.5803
421.59952,1326.4614
421.69662,1316.4714
421.7937,1213.8297
421.89087,1274.441
421.98798,1375.9725
422.0852,1259.1979
422.18237,1365.4672
422.2796,1304.0963
422.37686,1367.0419
422.47412,1190.1698
422.57138,1304.4182
422.6687,1164.6016
422.76605,1147.0016
422.86343,1185.1882
422.9608,1222.6716
423.0582,1343.7947
423.1556,1345.0938
423.25308,1422.167
423.35052,1354.5222
423.44806,1231.8152
423.54556,1248.3264
423.64307,1258.556
423.74063,1295.883
423.83823,1284.6965
423.93585,1373.004
424.03345,1304.0609
424.1311,1251.8784
424.22876,1271.8322
424.32648,1240.0415
424.42416,1265.7856
424.5219,1332.0012
424.6197,1361.4109
424.71747,1256.5186
424.81528,1178.1118
424.9131,1215.5917
425.01093,1242.5358
425.10883,1219.7339
425.2067,1257.105
425.30463,1362.6206
425.4026,1342.7716
425.50055,1345.704
425.59854,1314.5776
425.69653,1296.1835
425.7946,1446.5166
425.89264,1388.933
425.99066,1255.7319
426.08878,1302.8187
426.18692,1212.164
426.28506,1231.7489
426.3832,1281.2072
426.48138,1315.1505
426.57965,1276.1202
426.6779,1371.633
426.77612,1291.6274
426.87442,1350.7657
426.97272,1380.2806
427.07104,1245.9493
427.16937,1242.3956
427.26773,1145.6143
427.36615,1238.4087
427.46454,1242.2543
427.563,1259.9507
427.66147,1214.4286
427.75995,1303.1567
427.85846,1350.9961
427.95697,1272.3069
428.0555,1296.7324
428.1541,1327.3502
428.2527,1338.0234
428.35132,1275.6311
428.44995,1238.9149
428.54865,1308.5759
428.6473,1245.0098
428.74603,1192.7091
428.8448,1178.866
428.9435,1227.5018
429.0423,1092.4482
429.1411,1095.3481
429.23993,1201.6533
429.33878,1135.7632
429.43765,1228.599
429.53653,1191.7035
429.63544,1179.9962
429.73438,1266.9241
429.83334,1171.2754
429.9323,1057.7832
430.03134,1060.2571
430.13037,1043.268
430.22943,1008.33496
430.32852,1113.9065
430.42758,1168.299
430.5267,1105.8043
430.6259,1106.7035
430.72504,1148.0348
430.82422,1074.6962
430.92343,1109.495
431.02264,1078.6182
431.12192,945.76025
431.2212,1231.0552
431.3205,1128.6405
431.41983,1112.5771
431.5192,1068.4252
431.61856,1215.8339
431.71796,1182.958
431.81738,1274.8243
431.9168,1227.0938
432.01627,1320.1252
432.11578,1176.1147
432.21527,1290.9158
432.3148,1125.3317
432.41437,1234.9094
432.51398,1079.3115
432.61353,1066.726
432.7132,1082.336
432.8128,1108.4515
432.9125,1161.1732
433.01215,1215.1223
433.1119,1213.3625
433.2116,1165.1774
433.31137,1151.7812
433.4112,1155.1898
433.511,1200.4304
433.61084,1036.6957
433.7107,1155.7783
433.81055,1053.7003
433.91046,888.963
434.01035,776.129
434.1103,706.89667
434.2103,647.48346
434.3103,742.1134
434.4103,948.275
434.51035,993.5445
434.6104,1026.8273
434.7105,1116.8798
434.8106,1090.2572
434.91074,1123.2864
435.0109,1181.8606
435.11102,1171.7084
435.21124,1136.5885
435.31146,1031.9639
435.4117,1092.6287
435.51196,1174.3292
435.61224,1153.126
435.7126,1214.1744
435.81293,1124.2186
435.91327,1124.9237
436.01367,1136.5378
436.11407,1206.0886
436.2145,1289.3724
436.315,1234.439
436.41544,1266.3751
436.51596,1352.2073
436.61646,1276.0403
436.71698,1289.3442
436.81757,1241.3817
436.91815,1198.1075
437.0188,1209.3866
437.11945,1154.0901
437.22006,1247.9766
437.3208,1249.1322
437.42148,1215.2854
437.52222,1174.3058
437.62296,1166.4277
437.72372,1219.034
437.82455,1266.8003
437.92538,1268.826
438.0262,1298.1051
438.1271,1261.8466
438.22797,1247.2007
438.32892,1220.4255
438.42984,1061.8846
438.53082,1014.4465
438.63177,1104.9503
438.73282,1232.4154
438.83383,1193.0598
438.9349,1189.285
439.03598,1194.5225
439.13705,1217.2534
439.23822,1256.509
439.33936,1231.0538
439.44052,1250.0537
439.54175,1198.4463
439.64297,1157.5496
439.7442,1173.6987
439.84546,1218.1837
439.94672,1223.6472
440.04803,1159.6246
440.1494,1158.2141
440.2508,1199.9348
440.35214,1216.0599
440.45355,1236.5563
440.555,1212.0283
440.65643,1202.3876
440.7579,1225.2693
440.85944,1144.0493
440.96094,1162.4677
441.0625,1239.1477
441.16406,1212.371
441.26562,1248.6838
441.36725,1270.9165
441.4689,1220.5719
441.57056,1094.5293
441.67227,1194.2714
441.774,1173.611
441.87567,1121.026
441.97745,1264.4679
442.07925,1213.5078
442.18106,1307.2522
442.28287,1228.6405
442.3847,1262.3269
442.48657,1309.1685
442.58847,1237.8909
442.69043,1186.6771
442.79233,1226.8496
442.89435,1225.0598
442.99628,1212.5034
443.09833,1201.8916
443.20038,1129.8953
443.30243,1172.9567
443.40448,1131.7449
443.50665,1173.2552
443.60873,1106.4349
443.71094,1113.282
443.81308,1163.8884
443.91528,1210.9476
444.01752,1184.2339
444.11978,1208.6188
444.22208,1209.9548
444.32437,1115.5465
444.42667,1118.3878
444.529,1150.7301
444.6314,1209.1255
444.7338,1206.905
444.83618,1257.0769
444.93863,1248.2325
445.0411,1171.9891
445.14355,1176.7234
445.2461,1232.2334
445.34863,1240.5244
445.45117,1155.1844
445.55377,1095.0044
445.65634,1132.3491
445.75897,1174.9335
445.86163,1163.9519
445.9643,1160.3116
446.067,1163.163
446.16974,1151.207
446.27246,1189.1455
446.37524,1176.0729
446.47803,1200.8489
446.58087,1122.9774
446.6837,1179.8322
446.78656,1114.0387
446.88947,1161.4548
446.99237,1152.8649
447.0953,1160.3748
447.19824,1200.1519
447.30127,1197.3257
447.40424,1188.7172
447.50726,1251.8663
447.61035,1143.2595
447.71344,1288.3566
447.8165,1127.427
447.91962,1218.4573
448.0228,1178.9236
448.12598,1108.6427
448.22916,1112.1007
448.33237,1090.6772
448.43564,1078.3594
448.5389,1117.795
448.64218,1231.6896
448.7455,1230.5599
448.84882,1224.6514
448.9522,1161.8223
449.0556,1122.6973
449.159,1127.0028
449.26245,1138.0178
449.3659,1151.5536
449.4694,1207.8153
449.5729,1195.9642
449.67642,1227.0531
449.77997,1201.6573
449.88354,1161.8837
449.98715,1255.9967
450.09076,1221.1312
450.19443,1202.5641
450.2981,1122.7214
450.4018,1171.1653
450.50552,1251.8625
450.60928,1208.011
450.71304,1233.2002
450.8168,1207.6355
450.92065,1187.4025
451.02448,1174.7092
451.12833,1215.843
451.23224,1225.1924
451.33612,1146.6494
451.4401,1163.0272
451.54404,1176.8179
451.648,1214.27
451.75204,1103.6592
451.85605,1232.8481
451.9601,1155.8425
452.0642,1178.7018
452.1683,1166.4751
452.2724,1163.7782
452.37656,1194.6799
452.48077,1162.789
452.58496,1140.6637
452.68915,1138.8188
452.7934,1049.0464
452.8977,1152.4454
453.002,1078.5251
453.1063,1139.4781
453.21063,1047.0658
453.31503,1088.9214
453.41943,1087.43
453.52383,1125.7056
453.62827,1047.8407
453.73273,1088.244
453.83722,1162.015
453.94174,1199.2897
454.0463,1191.8872
454.15082,1194.7163
454.25543,1120.6902
454.36002,1129.836
454.46466,1231.6228
454.56927,1026.2518
454.67398,1106.0057
454.77872,1190.899
454.88345,1120.6404
454.9882,1075.9382
455.09296,1090.7457
455.19775,1142.8824
455.30258,1161.9708
455.4074,1149.2372
455.5123,1116.0251
455.6172,1092.3367
455.7221,1095.4976
455.82706,1078.9357
455.93204,1112.2623
456.03702,1200.8646
456.14203,1204.696
456.24707,1180.7211
456.35214,1178.5449
456.45728,1150.7498
456.56235,1142.7148
456.66754,1111.3568
456.77264,1117.4512
456.87787,1153.8815
456.98306,1158.38
457.08832,1178.9446
457.19354,1205.5486
457.29883,1139.9598
457.40414,1129.3928
457.50946,1101.9672
457.61484,1146.6498
457.7202,1140.0319
457.82562,1112.2103
457.93106,1149.7635
458.03653,1109.2421
458.142,1107.5602
458.2475,1089.0552
458.35303,1109.1681
458.4586,986.68097
458.56415,1109.2227
458.66977,1129.9861
458.7754,1107.9116
458.88104,1104.6243
458.98672,1125.9852
459.09244,1126.0667
459.19815,1115.4353
459.30386,1084.5828
459.40967,1096.4886
459.51544,1129.9015
459.62125,1090.1549
459.7271,1134.0769
459.83295,1140.2229
459.93887,1074.9518
460.04477,1135.1355
460.15073,1127.1289
460.25668,1045.8107
460.3627,1085.2832
460.4687,1101.2401
460.57477,1123.8914
460.68082,1136.485
460.78687,1133.185
460.893,1155.5342
460.9991,1204.9459
461.1053,1134.9896
461.2115,1087.7406
461.3177,1110.9844
461.42392,1124.9554
461.53018,1139.6057
461.63647,1093.3911
461.74277,1122.4271
461.84912,1118.7577
461.95547,1072.7308
462.06186,1079.9856
462.16827,1115.513
462.27472,1127.7178
462.38116,1085.4808
462.4876,1145.9792
462.59415,1156.448
462.70062,1133.4371
462.80722,1151.512
462.91376,1149.5354
463.02036,1111.102
463.127,1115.1674
463.23364,1125.3398
463.34033,1096.686
463.44702,1090.672
463.55377,1104.5295
463.6605,1104.9937
463.76727,1119.2668
463.87408,1080.5923
463.9809,1028.0634
464.08774,1099.1986
464.19464,1165.7065
464.3015,1153.1912
464.40845,1179.2618
464.51538,1111.4313
464.62238,1019.7739
464.72934,1027.6615
464.83636,1073.3344
464.94342,1095.8975
465.05048,1154.726
465.15756,1115.0057
465.2647,1091.8175
465.3719,1080.1272
465.479,1079.9558
465.58624,1100.3807
465.69342,1079.6039
465.8007,1112.6349
465.90796,1127.1632
466.01523,1120.466
466.12256,1137.3975
466.2299,1123.0475
466.33725,1109.5939
466.44464,1090.5814
466.55206,1118.4454
466.65952,1158.0751
466.76694,1103.4238
466.87445,1070.0846
466.982,1064.1572
467.0895,1055.211
467.19708,1058.5756
467.30463,1028.7299
467.41226,1060.452
467.51993,1074.8795
467.6276,1099.1807
467.73526,1105.9268
467.84296,1132.3113
467.95074,1051.6532
468.0585,1090.089
468.16626,1083.6775
468.27408,1099.8849
468.3819,1053.8568
468.48975,1088.2932
468.59766,1124.5529
468.70557,1052.6782
468.81354,1087.0807
468.92148,1084.0079
469.02945,1124.4414
469.13745,1063.2798
469.2455,1125.1797
469.35358,1037.8378
469.4616,1063.9777
469.56973,1130.5568
469.6779,1106.7815
469.78604,1111.9863
469.89423,1107.4058
470.00244,1093.6815
470.1107,1113.8257
470.21893,1125.9553
470.3272,1026.1821
470.43555,1061.2794
470.54385,1072.3431
470.6522,1059.8154
470.7606,1086.633
470.869,1132.1492
470.97745,1006.91895
471.08588,1046.3926
471.1944,1019.3309
471.3029,1055.0686
471.41144,1113.084
471.51996,1089.3235
471.62857,1084.4552
471.7372,1053.3491
471.8458,1057.9434
471.9545,1053.158
472.06317,1044.0977
472.17188,1057.1033
472.2806,1047.6088
472.38934,1073.9816
472.49814,1121.1488
472.607,1100.9825
472.71576,1053.289
472.82465,1079.2639
472.93353,1066.8517
473.04242,1058.218
473.15137,1071.5526
473.26035,1006.4976
473.36932,1059.975
473.47833,1065.159
473.58734,1057.461
473.69644,992.2852
473.8055,1066.9021
473.91464,1003.3591
474.02377,1047.6616
474.1329,1081.0189
474.2421,1051.2954
474.35132,1061.898
474.46054,1113.7689
474.56982,1105.8102
474.6791,1003.9253
474.78842,1054.98
474.89777,1051.4362
475.00714,1092.0935
475.11652,1070.8038
475.22592,1055.923
475.33536,1040.1898
475.44482,974.5799
475.5543,1036.381
475.66382,1051.0753
475.77335,1050.9037
475.8829,1018.7956
475.9925,1035.9834
476.1021,1059.4493
476.21176,1054.3463
476.32144,1032.7435
476.4311,1046.4597
476.54083,1024.0353
476.65057,984.00793
476.76035,1019.78406
476.87012,1024.3523
476.97992,954.5147
477.08978,990.16376
477.19965,1034.3722
477.3095,1002.17896
477.41943,1023.7005
477.5294,1050.8115
477.63934,1033.8857
477.74936,1042.1302
477.85938,1053.6096
477.96942,1050.6798
478.0795,1058.744
478.1896,1059.9628
478.2997,1067.697
478.40985,1056.1359
478.52002,1014.4177
478.63022,1053.2834
478.74042,1061.5338
478.85068,1011.6085
478.96094,1019.3756
479.07123,1022.50934
479.18158,975.6921
479.29193,1018.57574
479.40228,1018.86615
479.5127,1034.8813
479.62314,1051.5687
479.73358,1060.1835
479.84406,984.1211
479.95453,975.11755
480.0651,1055.0798
480.17563,981.8662
480.2862,988.3939
480.39682,1090.9292
480.50742,1004.9005
480.61807,1046.9058
480.72876,999.1739
480.83945,1004.4106
480.9502,1009.09576
481.06094,1006.9278
481.17172,1029.7142
481.28256,1039.2777
481.39337,1065.605
481.50424,1042.3391
481.61514,1020.4016
481.726,1003.75946
481.83698,1055.8291
481.9479,982.41595
482.0589,1068.7544
482.16992,1054.8871
482.28094,1040.4087
482.392,1073.0084
482.5031,1102.0668
482.6142,979.78864
482.72534,999.208
482.83652,1012.2499
482.9477,1010.09326
483.05893,978.4642
483.17017,1006.7671
483.28143,1022.4331
483.39273,996.8059
483.50406,1001.10565
483.6154,966.14056
483.72675,978.3354
483.83813,1010.31244
483.94955,1021.583
484.06104,977.0502
484.17252,979.9123
484.284,1004.38116
484.3955,953.24774
484.50708,971.12665
484.61865,985.0949
484.73022,1000.0059
484.84186,974.9307
484.95352,966.1409
485.0652,921.4394
485.1769,929.42694
485.28864,978.8044
485.4004,898.20715
485.51215,921.38354
485.62396,904.76013
485.73578,826.03064
485.84766,870.32227
485.95953,807.74414
486.07144,717.0303
486.1834,590.4307
486.29535,536.204
486.40732,608.7154
486.51935,748.81165
486.6314,761.6266
486.74347,874.1262
486.85553,817.8662
486.96762,875.0446
487.07977,873.3068
487.19196,941.5083
487.30414,855.8723
487.41635,902.17365
487.52863,905.5919
487.64087,903.9028
487.75317,911.43054
487.86554,895.73956
487.97784,971.5305
488.09024,934.90546
488.20264,983.1325
488.31503,993.73596
488.4275,939.7522
488.53998,936.9881
488.6525,945.67596
488.76498,935.3766
488.8776,943.2579
488.99014,958.434
489.10272,925.982
489.2154,887.3381
489.32803,912.3326
489.44073,961.3208
489.55347,960.4608
489.66617,978.2026
489.77896,1013.4811
489.89175,970.3843
490.00455,994.2894
490.11737,981.6062
490.2303,954.44366
490.34317,992.0695
490.45605,938.3097
490.569,929.74506
490.68198,970.7349
490.79498,1014.3131
490.90802,994.8063
491.02106,965.90955
491.13412,936.24817
491.24722,854.16003
491.36035,942.3626
491.47348,942.83887
491.58667,985.58624
491.6999,970.65204
491.81314,960.6253
491.92636,937.6752
492.03964,950.9184
492.15298,897.1889
492.2663,931.60986
492.3797,953.1202
492.49307,958.6255
492.60645,911.03906
492.7199,977.89435
492.8334,945.1031
492.94687,992.3341
493.0604,945.0778
493.17392,924.7818
493.2875,918.9727
493.40106,923.21216
493.5147,954.0644
493.62836,894.88617
493.74203,944.3441
493.85577,916.52203
493.96948,884.1903
494.08325,869.6873
494.19702,922.50214
494.3108,969.11194
494.42465,970.18304
494.5385,1012.95044
494.6524,1012.37396
494.7663,946.44275
494.88022,925.4041
494.9942,945.3674
495.10822,968.9943
495.22223,952.18506
495.33624,933.1708
495.45035,932.70575
495.5644,920.4211
495.67853,951.7046
495.79266,871.70996
495.90683,868.3017
496.02106,883.57385
496.1353,945.52765
496.2495,972.9561
496.36383,919.48035
496.47812,912.8593
496.59244,887.75885
496.7068,953.298
496.8212,928.57324
496.9356,952.0186
497.05005,926.8128
497.1645,937.3256
497.279,884.7358
497.3935,960.4187
497.50806,913.7185
497.62262,909.37274
497.7372,935.59375
497.85187,912.44183
497.9665,930.382
498.08115,932.31055
498.19586,905.50037
498.3106,902.6905
498.42535,805.87427
498.54013,808.14404
498.65494,851.99475
498.76978,865.4251
498.8846,868.5626
498.9995,929.8776
499.1144,861.65326
499.22934,898.13904
499.34433,883.6149
499.45932,872.44867
499.5743,869.16565
499.68936,894.084
499.80444,905.78204
499.91953,922.83746
500.03467,920.21313
500.1498,855.30194
500.26498,906.04333
500.3802,926.27795
500.49542,889.941
500.6107,876.98206
500.72598,874.8264
500.84125,888.5017
500.9566,876.122
501.07196,906.7808
501.18735,907.53375
501.3028,871.40436
501.4182,880.72363
501.5337,851.1677
501.64917,862.2623
501.7647,827.67053
501.88028,888.46155
501.99585,831.5495
502.11142,832.9923
502.22705,889.8321
502.3427,896.10474
502.4584,865.5987
502.57413,888.1376
502.68985,892.7566
502.8056,904.25323
502.9214,906.9626
503.0372,905.6237
503.15308,939.0251
503.2689,892.3329
503.38483,894.49646
503.50073,921.71594
503.6167,870.34576
503.73267,910.7863
503.8487,884.9455
503.9647,885.46716
504.08075,879.3539
504.19684,874.571
504.31293,809.2255
504.42905,845.4307
504.54523,876.2401
504.66144,906.643
504.77765,904.0695
504.8939,902.0852
505.01016,903.7368
505.12646,872.07794
505.24277,866.52075
505.35913,861.1114
505.4755,900.4302
505.5919,903.3802
505.70834,874.16077
505.8248,902.4402
505.94125,923.8638
506.05777,893.5288
506.17432,888.9139
506.29086,904.5195
506.40747,909.92737
506.5241,908.6738
506.64072,882.349
506.75742,868.4801
506.8741,877.88196
506.9908,858.15265
507.10757,874.23175
507.22437,903.35724
507.34116,888.72955
507.458,890.9971
507.57486,844.44086
507.69174,902.85736
507.8087,889.6968
507.92563,840.3872
508.04257,858.2492
508.15958,828.44196
508.2766,884.3246
508.39365,896.0771
508.51074,881.38153
508.62784,871.2938
508.74496,879.44165
508.86212,887.693
508.9793,882.20685
509.0965,874.57837
509.2137,866.93225
509.331,922.50525
509.4483,932.7391
509.5656,885.09467
509.68295,874.55493
509.80035,894.17303
509.91772,835.5044
510.03516,864.02515
510.1526,822.9185
510.27008,858.24255
510.3876,901.3603
510.50513,897.07886
510.6227,856.7964
510.7403,873.46277
510.8579,868.46155
510.97552,848.4425
511.0932,834.9556
511.21088,853.9716
511.3286,840.3575
511.44638,895.0785
511.56415,914.5497
511.68198,870.2744
511.7998,857.18646
511.91766,865.34015
512.0355,888.6521
512.15344,887.0336
512.27136,853.8804
512.38934,867.4548
512.5074,843.5626
512.62537,828.7016
512.74347,851.3184
512.8615,842.87726
512.9796,850.32385
513.0978,826.99884
513.21594,834.1496
513.3341,847.6426
513.4523,806.7224
513.57056,809.5001
513.68884,867.7291
513.8071,879.4074
513.9254,833.2988
514.0438,813.095
514.1622,817.53107
514.2806,859.28015
514.399,816.1755
514.51746,841.9562
514.6359,804.7
514.75446,831.1501
514.873,813.55975
514.9916,801.6207
515.11017,805.0515
515.22876,800.4162
515.3474,876.30286
515.4661,818.2327
515.58484,796.80884
515.7035,838.5662
515.8223,843.62476
515.94104,843.1253
516.05994,824.0742
516.1788,834.1821
516.2976,829.041
516.4165,844.606
516.5354,836.9209
516.6544,835.05536
516.7733,773.16156
516.89233,754.1625
517.01135,729.2909
517.1305,757.4371
517.2496,766.62036
517.36865,698.8141
517.4878,754.5064
517.607,819.9249
517.7262,813.72784
517.8454,816.3774
517.96466,832.9796
518.0839,832.2235
518.20325,857.553
518.3226,802.4223
518.44196,733.05927
518.56134,711.628
518.6807,752.2685
518.8002,800.8505
518.9196,802.42267
519.0392,798.48096
519.1587,789.91144
519.2782,808.7917
519.3978,763.39984
519.51746,784.83093
519.6371,765.4632
519.7567,807.20013
519.8764,818.6519
519.99615,795.23016
520.11584,806.28937
520.23566,840.7983
520.35547,840.16675
520.4753,793.7661
520.59515,770.3432
520.715,782.4133
520.83496,775.81586
520.9549,784.8368
521.0748,782.0111
521.1948,820.5705
521.3148,787.6225
521.43494,823.82574
521.555,816.6687
521.6751,784.44727
521.7952,787.0553
521.9154,835.12366
522.0356,830.88275
522.1558,838.35876
522.27606,817.38684
522.39636,850.54126
522.5166,831.07434
522.63696,802.1668
522.7573,746.94135
522.8777,731.11597
522.9981,781.5829
523.1185,777.5731
523.239,812.7159
523.3595,793.16943
523.48004,804.4303
523.6006,789.0322
523.7211,799.4548
523.84174,807.4308
523.9624,823.872
524.08307,854.3796
524.20374,832.2963
524.32446,814.9366
524.4452,818.6227
524.566,823.7523
524.68677,837.9865
524.8076,855.11084
524.92847,836.4334
525.0493,807.1089
525.1703,827.9093
525.29114,830.8439
525.4122,827.29974
525.53314,834.3098
525.6542,805.5215
525.7752,835.5717
525.8963,859.9236
526.0174,827.4995
526.13855,855.568
526.2597,809.297
526.3809,747.28345
526.5021,765.40704
526.62335,728.663
526.7446,737.82733
526.8659,761.4743
526.98724,767.89514
527.1086,758.6818
527.23,736.716
527.35144,749.9102
527.47284,809.4225
527.59436,783.5191
527.7158,811.17535
527.83734,795.2409
527.95886,826.33105
528.08044,814.73517
528.2021,816.3938
528.3237,797.43604
528.44543,753.8814
528.5671,802.00116
528.68884,781.9173
528.81055,835.43634
528.9323,796.0348
529.05414,820.05566
529.17596,818.88763
529.29785,796.44946
529.41974,793.4759
529.5416,813.943
529.6636,758.81213
529.7855,793.60034
529.9076,791.37396
530.0296,797.8521
530.1517,805.6152
530.27374,787.2334
530.3959,785.4637
530.51794,799.80194
530.64014,806.659
530.7623,791.00085
530.8846,817.9131
531.00684,840.3505
531.1291,807.4273
531.2514,786.57074
531.3738,787.2458
531.49615,786.05115
531.6185,766.37744
531.74097,764.70715
531.8634,766.44476
531.9859,803.88324
532.1084,799.0427
532.2309,775.656
532.3535,803.1382
532.4761,779.9189
532.59875,737.22015
532.7213,742.1914
532.84406,719.37335
532.96674,748.55493
533.0895,725.66406
533.2123,760.1859
533.335,753.3686
533.4579,750.1522
533.5807,755.45685
533.70355,795.33673
533.8265,765.76044
533.9494,780.1808
534.0724,770.29095
534.1954,766.14905
534.31836,758.4064
534.4414,776.0962
534.5645,786.85187
534.6876,783.55884
534.8107,758.7048
534.9339,772.87616
535.05707,801.83026
535.1803,797.2174
535.3035,790.3147
535.4268,788.72125
535.5501,782.8644
535.67346,803.7383
535.79675,809.5146
535.92017,785.1508
536.0436,817.71655
536.16705,778.72845
536.2905,774.9437
536.414,799.8174
536.53754,762.7179
536.6611,754.9261
536.78467,754.2217
536.9083,754.50726
537.0319,745.9572
537.15564,731.61566
537.2793,773.17755
537.403,785.7654
537.5268,771.1859
537.6506,777.6605
537.77435,770.9209
537.89825,785.0663
538.0221,761.6116
538.146,739.416
538.2699,723.5894
538.3939,734.89545
538.5179,750.83
538.6419,726.2956
538.7659,770.64215
538.89,788.13947
539.01404,769.5335
539.13824,770.68335
539.2623,749.8496
539.3866,735.18604
539.51074,721.5941
539.635,729.419
539.7593,713.00995
539.8836,737.68896
540.00793,734.3929
540.13226,753.2646
540.25665,779.8638
540.38104,778.4918
540.5055,767.3908
540.63,736.63934
540.75446,701.4755
540.879,734.00183
541.00354,745.99475
541.1281,768.90576
541.25275,745.8269
541.3774,734.7008
541.5021,744.5204
541.6268,741.2924
541.75146,722.96985
541.8762,748.6326
542.00104,751.4238
542.12585,774.377
542.2507,754.47186
542.37555,714.8126
542.5004,731.85333
542.62537,729.53217
542.75037,727.73376
542.87537,726.74286
543.00037,737.664
543.12537,742.9461
543.2505,712.265
543.3756,738.3563
543.5007,735.9159
543.62585,722.2676
543.7511,758.43616
543.8763,754.16
544.0015,757.0341
544.12683,727.8407
544.2521,734.1956
544.37744,781.8254
544.5028,741.5238
544.6282,760.8873
544.7536,753.3121
544.879,717.7539
545.0045,718.8367
545.13,731.26953
545.25555,758.8744
545.38116,730.16003
545.5067,730.1294
545.6324,708.7751
545.758,757.66516
545.88367,734.16486
546.0094,772.7717
546.13513,754.17584
546.26086,718.4996
546.38666,764.8486
546.5125,743.7864
546.63837,742.3846
546.7643,748.89343
546.8902,743.55707
547.0161,746.2713
547.1421,717.381
547.26807,742.3933
547.3941,763.5222
547.52014,727.8545
547.64624,750.28455
547.77234,704.31177
547.8985,715.0312
548.02466,724.3965
548.1509,702.4268
548.2771,697.4635
548.4034,722.2843
548.52966,763.4881
548.65594,758.6287
548.78235,730.2395
548.9087,735.93463
549.0351,717.10254
549.1615,721.4584
549.28796,728.61554
549.4145,698.1974
549.541,706.9529
549.6676,717.37506
549.7941,720.7846
549.9208,717.7875
550.0474,696.82916
550.1741,728.13306
550.3008,734.51514
550.4275,718.0139
550.55426,727.2955
550.681,708.0359
550.80786,731.98016
550.9347,728.8453
551.0616,756.63214
551.1885,720.2748
551.31537,732.46356
551.4423,695.76953
551.56934,727.8745
551.69635,706.6646
551.82336,722.11993
551.9505,760.3324
552.0776,755.4443
552.2047,712.676
552.3319,724.8226
552.4591,733.2597
552.5863,701.4773
552.7135,707.42834
552.8408,671.15546
552.96814,679.9567
553.09546,707.4351
553.22284,702.48114
553.3502,719.50916
553.47766,715.26544
553.6051,714.18616
553.7326,694.19666
553.86017,729.80414
553.9877,728.5263
554.1153,710.97833
554.24286,730.58405
554.3705,722.75037
554.49817,717.1097
554.62585,720.96783
554.75354,709.7103
554.88135,695.25397
555.00916,711.4991
555.1369,707.0075
555.2648,720.5067
555.39264,713.49854
555.5205,702.48956
555.64844,704.6168
555.7764,715.4221
555.9044,708.7481
556.0324,714.2051
556.16046,707.38367
556.2885,717.99634
556.4166,711.2101
556.5448,684.11475
556.673,704.1356
556.80115,709.29834
556.9293,698.7921
557.0576,685.9296
557.1859,672.8773
557.3142,678.5415
557.4425,681.0552
557.5709,658.88776
557.69934,705.14856
557.82776,758.0454
557.9562,701.97156
558.0847,707.2467
558.21326,749.99603
558.34174,720.0695
558.47034,680.5294
558.59894,704.63556
558.7276,709.4819
558.85626,696.53284
558.985,673.43024
559.11365,697.7098
559.24243,650.08264
559.3712,688.33765
559.50006,675.9679
559.62885,685.50494
559.75775,690.30035
559.88666,692.967
560.01556,666.9261
560.14453,683.368
560.27356,673.6548
560.4025,640.97455
560.5316,663.2799
560.6607,659.3299
560.7898,685.229
560.91895,703.2327
561.0481,686.67694
561.17737,688.2892
561.3065,703.25793
561.4358,684.51807
561.56506,658.1897
561.69446,654.34454
561.8238,677.18176
561.9532,671.38965
562.0826,702.97064
562.21204,681.3488
562.34143,673.949
562.47095,702.6549
562.60046,673.1862
562.7301,665.8167
562.8597,674.84705
562.98926,670.9634
563.1189,677.3433
563.2486,687.76294
563.3783,678.9217
563.50806,678.1002
563.6378,693.4264
563.7676,658.0409
563.8974,680.49445
564.0273,673.92926
564.15717,654.77203
564.2871,651.42755
564.41705,659.1179
564.547,660.29895
564.677,665.8238
564.807,680.51337
564.93713,673.2959
565.06726,727.3229
565.1974,650.2626
565.3275,648.5256
565.45764,667.4566
565.5879,674.70215
565.71814,646.395
565.84845,663.9174
565.9787,631.6361
566.1091,629.2846
566.23944,710.2432
566.3698,655.5247
566.50024,664.5052
566.63074,662.2567
566.76117,648.19836
566.8917,646.0399
567.0223,662.32434
567.15283,668.89514
567.28345,721.2269
567.41406,674.1838
567.54474,644.36896
567.6754,647.85547
567.80615,661.3
567.9369,680.2453
568.06775,689.8263
568.19855,646.12604
568.3294,589.2116
568.46027,633.8302
568.5912,651.16486
568.7221,641.0643
568.8531,619.96216
568.9841,613.36676
569.1151,648.8844
569.24615,669.39124
569.37726,659.9695
569.50836,654.5757
569.6395,647.0118
569.7707,661.1976
569.9019,659.23114
570.03314,662.3967
570.1644,685.5152
570.2957,635.6088
570.42706,633.6168
570.5584,648.3305
570.6898,654.2602
570.8212,657.7651
570.9527,620.2173
571.08417,621.9467
571.2157,619.9751
571.3472,661.4254
571.47876,630.7599
571.6104,624.5953
571.74207,644.3415
571.87366,657.0983
572.0054,657.69965
572.1371,623.7816
572.26886,609.9448
572.40063,651.8755
572.5325,617.1421
572.6643,640.7099
572.7962,632.3549
572.9281,667.12244
573.06,638.3803
573.192,647.61487
573.324,601.7922
573.456,659.06256
573.5881,652.80493
573.72015,624.5475
573.8523,626.4457
573.98444,642.29553
574.1166,630.6002
574.24884,623.28485
574.38104,642.2363
574.5133,639.62213
574.6456,651.92664
574.77795,637.4697
574.91034,620.58386
575.0427,647.7154
575.1752,620.5553
575.3076,627.76886
575.44006,600.7275
575.57263,599.16455
575.70514,612.12427
575.83777,587.4968
575.97034,617.51495
576.10297,627.5357
576.23566,603.6857
576.3683,606.5459
576.5011,592.1234
576.63385,605.7155
576.7666,607.3116
576.8994,571.0209
577.0323,588.867
577.16516,604.06244
577.2981,621.5832
577.431,609.5347
577.564,608.1038
577.697,618.5014
577.83,609.9042
577.9631,616.4833
578.0962,608.1086
578.2294,600.7273
578.3625,602.5222
578.49567,600.5153
578.6289,596.5212
578.76215,597.88025
578.8954,585.1982
579.0287,616.24457
579.16205,580.09503
579.2955,608.33875
579.42883,598.4395
579.56226,581.6003
579.69574,581.5862
579.8292,588.1778
579.96277,617.41144
580.0963,584.374
580.2299,597.12115
580.3635,590.7191
580.4972,599.8997
580.63086,608.7102
580.7645,572.2714
580.8983,592.3077
581.0321,621.3895
581.1659,578.3854
581.2997,611.9395
581.4336,636.79486
581.5675,591.6363
581.7014,602.1956
581.8353,594.9662
581.96936,577.80707
582.1034,588.2927
582.2374,591.4528
582.37146,613.3529
582.5056,593.8045
582.6398,598.44666
582.7739,614.2368
582.9081,598.46875
583.04236,593.36285
583.17664,601.46405
583.3109,598.5189
583.44525,595.5488
583.5796,594.4947
583.714,590.13086
583.84845,594.7965
583.98285,584.984
584.1173,593.0844
584.25183,592.1778
584.3864,611.94226
584.521,590.1207
584.65564,581.2312
584.7902,588.86566
584.9249,579.2379
585.05963,599.19037
585.19434,599.68317
585.3291,573.0128
585.46387,597.5895
585.59875,580.294
585.7335,577.1327
585.86847,577.0845
586.00336,575.83136
586.1383,594.1802
586.2733,590.2979
586.4083,573.2929
586.54333,592.27234
586.6784,564.98035
586.81354,601.4253
586.9486,581.53125
587.08386,581.92694
587.219,607.2069
587.35425,592.3976
587.4895,607.81604
587.6248,612.8379
587.76013,584.38574
587.89545,607.09155
588.0309,578.72925
588.16626,588.6474
588.3017,568.99567
588.4372,584.1956
588.5727,586.4441
588.70825,562.2671
588.8438,583.2368
588.9794,568.66034
589.11505,506.23166
589.2507,540.1239
589.3864,563.9166
589.5221,537.33154
589.6579,538.8353
589.79364,547.1336
589.9295,556.23663
590.0653,557.159
590.20123,563.4559
590.33716,573.3124
590.4731,581.07306
590.6091,585.522
590.74506,562.5065
590.8811,576.54456
591.0172,578.8559
591.15326,576.9796
591.2894,567.9672
591.4256,567.69476
591.56177,562.53564
591.698,560.2575
591.8343,574.1641
591.9706,545.7421
592.1069,557.4767
592.2433,563.6026
592.37964,575.5846
592.516,541.45135
592.65247,567.9049
592.78894,566.5915
592.9255,557.21497
593.062,582.49896
593.1986,563.55585
593.3352,556.5713
593.4718,555.1243
593.6085,578.10077
593.74524,586.6682
593.88196,584.14636
594.0187,570.3833
594.15546,568.877
594.29236,550.2274
594.42914,562.37494
594.56604,564.8866
594.703,553.73114
594.83997,553.0271
594.9769,567.7854
595.1139,543.5835
595.251,556.4387
595.38806,552.434
595.52515,558.1333
595.6623,564.82025
595.79944,561.6498
595.93665,551.9323
596.0739,557.675
596.2112,564.2562
596.3485,562.2942
596.4858,557.75085
596.62317,553.8109
596.76056,556.24615
596.898,547.6876
597.03546,556.0105
597.173,548.19073
597.3104,542.57983
597.448,562.03265
597.5856,554.7236
597.7232,559.95
597.86084,542.44836
597.99854,558.0264
598.1362,545.1689
598.274,553.8863
598.41174,554.4053
598.54956,542.4593
598.6874,603.83026
598.82526,554.6927
598.9632,557.65735
599.1011,536.454
599.2391,536.05853
599.3771,554.8601
599.5151,555.4827
599.65314,537.7925
599.7912,560.5633
599.9293,530.00885
600.0675,556.7686
600.2057,542.8826
600.3439,531.49255
600.4822,529.1546
600.6205,542.19763
600.7587,553.49786
600.8971,547.0155
601.0355,548.0985
601.1739,551.8115
601.3124,553.6619
601.4508,543.4791
601.5893,571.28174
601.72784,548.8534
601.8664,548.15546
602.005,527.6833
602.1437,539.4015
602.28235,527.0601
602.421,537.2413
602.5597,521.02325
602.6985,531.3911
602.8373,549.4454
602.97614,542.14984
603.115,544.0232
603.25385,541.99744
603.39276,539.78174
603.53174,556.4388
603.6707,552.9582
603.8097,543.42725
603.9488,545.6231
604.0878,535.8145
604.2269,531.69604
604.3661,538.75195
604.5053,542.18195
604.6445,539.2597
604.78375,534.27344
604.923,540.20917
605.0623,544.10516
605.20166,546.77454
605.341,534.46844
605.4804,523.36346
605.6199,542.9654
605.75934,555.35126
605.8988,537.98206
606.0384,550.32526
606.1779,538.0284
606.3175,543.96594
606.45715,539.6852
606.5968,530.55145
606.73645,525.9365
606.8762,527.91705
607.016,537.7127
607.15576,541.7279
607.29553,535.78906
607.4354,543.5367
607.5753,527.86487
607.7152,536.2876
607.85516,540.7424
607.9952,533.1446
608.13513,526.6345
608.2752,527.56287
608.4153,498.1672
608.55536,521.50806
608.6955,540.5221
608.8357,525.25055
608.97595,520.7331
609.11615,511.5975
609.2564,548.7225
609.3967,506.73428
609.53705,525.0165
609.6774,531.71906
609.8178,524.5967
609.95825,530.9332
610.09875,534.4448
610.2392,532.1835
610.37976,522.30304
610.5203,514.38885
610.6609,531.69165
610.8015,523.22815
610.9422,516.8805
611.0829,527.9953
611.2236,526.7193
611.3644,528.8488
611.5051,531.28174
611.64594,532.8692
611.7868,527.2431
611.9277,517.69354
612.0686,527.774
612.2096,536.8075
612.3505,502.30112
612.4916,499.68524
612.6326,512.7475
612.7737,526.2851
612.9148,514.9468
613.05597,508.4509
613.19714,512.4477
613.3383,503.92374
613.4796,515.8693
613.62085,512.3479
613.76215,485.28296
613.9035,508.30783
614.04486,499.39624
614.1863,493.95792
614.32776,506.48175
614.4692,496.93353
614.6107,525.52466
614.75226,534.9575
614.8938,499.2219
615.0354,508.75745
615.17706,535.45935
615.3187,510.02066
615.4604,509.67252
615.6022,515.8459
615.7439,498.60666
615.8857,515.5336
616.0275,502.9615
616.1694,526.12317
616.3113,502.02072
616.45325,492.621
616.59515,520.0957
616.7372,523.8895
616.8792,499.81747
617.02124,501.2
617.1633,499.71448
617.3055,496.70847
617.44763,530.8852
617.5898,509.36575
617.73206,504.86496
617.87427,510.09943
618.01654,508.0769
618.1589,503.1368
618.3012,505.83035
618.4436,516.9373
618.58606,514.90344
618.72845,513.5979
618.871,520.24854
619.0135,527.0352
619.15607,504.8408
619.29865,502.46027
619.4412,507.1349
619.58386,514.74457
619.72656,511.26608
619.86926,516.2962
620.012,497.03525
620.1548,517.72516
620.2976,507.434
620.4405,494.6919
620.5834,515.4373
620.72626,516.2174
620.8692,491.43805
621.01215,518.69073
621.15515,527.56555
621.2982,510.02277
621.4413,506.97882
621.5844,508.21234
621.72754,516.27264
621.8707,505.87164
622.0139,523.7802
622.15717,488.11984
622.3004,503.13358
622.4437,507.5553
622.5871,499.256
622.73047,500.6835
622.8739,504.47906
623.0173,502.42426
623.16077,480.76605
623.3043,500.88147
623.4478,493.89633
623.59143,507.5
623.735,491.7921
623.8786,495.972
624.02234,501.14334
624.166,506.24527
624.30975,502.86252
624.4535,490.98373
624.5973,500.31958
624.74115,485.73514
624.885,491.4179
625.02893,499.8547
625.17285,503.3978
625.3168,511.3913
625.4608,494.35083
625.60486,484.33865
625.7489,486.56256
625.893,491.86646
626.0372,501.17142
626.18134,506.26923
626.32556,496.64383
626.4698,488.93585
626.614,506.83475
626.75836,475.45245
626.90265,494.62112
627.047,504.5679
627.1914,504.14566
627.3358,497.67426
627.48035,505.71393
627.6248,486.89447
627.76935,484.32333
627.91394,486.77646
628.0585,454.35254
628.2032,480.21915
628.3478,487.41623
628.49255,480.5886
628.63727,494.26495
628.78204,489.8559
628.9268,495.76755
629.07166,483.76135
629.2165,490.34872
629.36145,486.723
629.50635,481.2215
629.6513,487.5022
629.79626,477.99045
629.94135,484.6534
630.0864,466.40045
630.2315,491.77338
630.37665,474.36444
630.52185,480.82523
630.667,482.8383
630.81226,488.68698
630.9575,487.29044
631.1028,492.82388
631.24817,503.47867
631.3935,488.86667
631.53894,493.25977
631.6843,481.46466
631.8298,474.09302
631.9753,476.8412
632.12085,485.19067
632.2664,478.69647
632.412,484.657
632.5577,487.8888
632.7033,479.82803
632.849,484.18768
632.99475,489.34094
633.1405,481.31458
633.2863,486.90045
633.4322,494.21573
633.578,479.80508
633.72394,479.8006
633.8699,481.636
634.0158,479.18448
634.16187,476.1543
634.3079,474.81293
634.454,477.91354
634.60004,476.95447
634.7462,486.7581
634.8924,486.50858
635.0386,477.24402
635.1848,495.49982
635.3311,485.25653
635.4774,492.91183
635.6237,475.8299
635.77014,469.1052
635.9165,476.25912
636.063,484.75177
636.2094,486.04712
636.35596,469.17667
636.5025,484.54123
636.64905,468.0519
636.7957,479.21158
636.9423,470.91238
637.089,473.21582
637.2357,467.84116
637.38245,466.0782
637.52924,480.9527
637.6761,478.41
637.8229,470.98956
637.9698,476.10297
638.1167,485.27103
638.2637,475.41315
638.41064,482.9825
638.5577,472.93762
638.7047,472.1378
638.8518,475.29718
638.9989,478.8446
639.14606,469.97687
639.2933,474.1043
639.4405,470.99384
639.5877,470.29315
639.735,467.38284
639.8823,472.60965
640.02966,463.3953
640.17706,455.31424
640.3245,470.45813
640.4719,479.6007
640.61945,470.3718
640.76697,473.048
640.9145,478.84586
641.06213,467.5986
641.2097,470.11285
641.3574,464.8698
641.50507,459.5481
641.65283,459.87866
641.8006,456.90308
641.94836,464.53076
642.09625,458.76642
642.2441,461.76083
642.39197,464.30377
642.5399,472.6537
642.68787,461.42026
642.8359,477.40393
642.98395,471.6174
643.13196,471.7338
643.2801,453.15155
643.4282,445.23386
643.5764,463.41852
643.7246,464.07828
643.87286,440.8204
644.0211,443.4642
644.16943,449.12512
644.31775,449.85797
644.4662,466.2979
644.61456,458.11484
644.763,451.97952
644.9115,465.56766
645.06,456.5878
645.20856,453.25922
645.3571,459.87326
645.50574,450.6638
645.6544,455.02783
645.8031,453.76736
645.9518,452.79074
646.1005,442.05508
646.2493,443.37344
646.39813,449.5028
646.547,439.50406
646.6959,446.0215
646.84485,454.6173
646.9938,450.79602
647.14276,453.3404
647.2918,449.85007
647.44086,453.01877
647.58997,445.68964
647.73914,447.0114
647.8883,451.06235
648.0375,449.90332
648.18665,456.56033
648.33594,448.56732
648.4852,440.18015
648.63464,440.67065
648.784,444.18646
648.9334,449.7689
649.0828,444.42087
649.2323,436.09833
649.3818,435.05814
649.5314,431.22195
649.6809,418.3356
649.8305,425.8908
649.98016,422.74686
650.1298,453.26654
650.2796,443.82498
650.4293,459.34894
650.5791,442.62943
650.7289,453.0692
650.8788,451.0096
651.0287,464.49466
651.1786,437.25922
651.32855,450.60767
651.4785,450.71124
651.62854,432.06882
651.7786,432.95535
651.9287,425.75198
652.07886,450.01617
652.229,457.15036
652.3792,446.20642
652.5294,452.8795
652.6797,441.4146
652.83,442.96045
652.98035,447.6734
653.13074,456.33936
653.2811,442.1344
653.4315,438.17258
653.58203,437.23608
653.73254,452.63428
653.8831,448.80313
654.0337,442.562
654.18427,432.7392
654.33496,437.7569
654.48566,425.55057
654.63635,427.86853
654.7871,433.7948
654.93787,426.0844
655.08875,423.10538
655.23956,426.71805
655.39044,409.63858
655.5414,404.87408
655.6923,408.51608
655.8434,395.3311
655.9944,385.66846
656.14545,362.7553
656.2965,312.6598
656.44763,267.8943
656.5988,270.46762
656.75006,309.9904
656.90125,361.81732
657.05255,381.82236
657.20386,394.40198
657.3552,400.77606
657.5066,402.90155
657.658,430.93643
657.80945,436.38763
657.96094,434.4563
658.1124,427.5194
658.26404,429.42825
658.4156,420.38113
658.56726,421.971
658.7189,435.05173
658.87054,426.08563
659.02234,428.12192
659.1741,425.2879
659.32587,419.30627
659.47766,424.61542
659.6295,414.99994
659.78143,431.6178
659.9334,423.0708
660.0854,417.66803
660.2374,423.70316
660.3894,426.69516
660.5415,427.8473
660.6936,424.78604
660.84576,420.88538
660.9979,427.02304
661.15015,437.8082
661.3024,426.0494
661.4547,439.63696
661.60706,408.03503
661.7594,432.6762
661.91174,437.01358
662.0642,425.6995
662.2167,428.5586
662.3692,431.15787
662.5217,432.04205
662.67426,430.40012
662.82684,426.3672
662.97955,432.84857
663.1322,428.55875
663.2849,423.43292
663.4376,425.44434
663.59045,416.29114
663.7433,415.6031
663.8961,431.28336
664.04895,426.51346
664.2019,415.92612
664.35486,427.43954
664.5079,427.50986
664.6609,428.55768
664.8139,413.14774
664.96704,439.83237
665.1202,416.86444
665.2733,423.79013
665.4265,423.80222
665.5798,421.45013
665.73303,423.8364
665.88635,425.15186
666.0397,426.3724
666.19305,429.36575
666.3465,419.74207
666.49994,423.3397
666.65344,427.32413
666.80695,415.00284
666.9605,425.54755
667.1141,411.35193
667.2677,423.8081
667.4214,410.45056
667.5751,420.2206
667.7288,409.5414
667.88257,419.61047
668.0364,405.88098
668.19025,404.541
668.3441,421.26865
668.498,420.66934
668.652,430.42337
668.8059,402.94662
668.95996,420.17264
669.114,409.2292
669.26807,418.98068
669.42224,419.561
669.57635,435.74106
669.7306,421.85583
669.88477,428.6985
670.03906,423.90604
670.19336,413.9405
670.3477,417.83936
670.5021,416.98532
670.65643,415.66794
670.8109,423.12274
670.9654,415.5218
671.1199,406.9094
671.2745,417.3573
671.429,420.6932
671.5836,409.41864
671.7383,409.68323
671.89294,406.13428
672.0477,396.8098
672.2025,414.60577
672.3573,415.88196
672.5121,414.18698
672.667,413.87714
672.8219,418.60757
672.9768,406.64017
673.1318,418.20975
673.2868,419.1781
673.44183,413.24994
673.597,418.98273
673.7521,425.02832
673.9072,411.63162
674.0624,404.24493
674.21765,405.96283
674.3729,406.69342
674.5282,406.49628
674.68353,410.6164
674.8389,413.30386
674.99426,392.36346
675.1498,416.97803
675.30524,402.65585
675.46075,405.39908
675.61633,415.44855
675.77185,399.13397
675.9275,404.6168
676.0831,410.58472
676.23883,400.6644
676.3946,422.19342
676.55035,404.9293
676.7062,412.808
676.86194,404.2102
677.0178,398.43402
677.1737,404.13275
677.3297,416.86414
677.48566,410.06763
677.6417,405.06238
677.7977,400.60135
677.9538,412.4948
678.11,411.1758
678.2661,407.9407
678.4223,404.41907
678.5785,399.7853
678.7348,406.1864
678.8911,402.68677
679.0474,407.41113
679.2038,413.28912
679.3602,404.3054
679.51666,402.7113
679.67316,402.10162
679.8297,408.1663
679.9862,410.42584
680.1428,401.14276
680.29944,404.26746
680.4561,400.659
680.6128,393.27548
680.76953,402.54706
680.92633,401.88434
681.0831,399.11203
681.2399,404.70105
681.39685,394.93048
681.5538,386.96393
681.7107,398.86636
681.8677,392.9913
682.0247,395.27618
682.18176,393.23083
682.33887,393.53506
682.496,386.8526
682.6532,395.82187
682.81036,396.7388
682.96765,390.54004
683.1249,391.08707
683.2822,397.2565
683.4396,393.74823
683.5969,397.39743
683.75433,397.72678
683.9118,383.6374
684.06934,391.07974
684.22687,394.60568
684.3844,379.46005
684.54205,388.26718
684.69965,396.5809
684.8573,390.65298
685.015,397.90546
685.1728,392.23053
685.33057,388.1701
685.4884,385.9499
685.64624,390.46744
685.80414,390.46817
685.96204,384.02206
686.12006,396.93317
686.2781,395.98407
686.4361,380.22675
686.5942,367.61725
686.7523,380.67874
686.91046,400.14667
687.0686,381.0178
687.22687,378.01663
687.38513,390.63956
687.5434,384.51373
687.7017,392.4257
687.8601,389.45956
688.0185,385.85107
688.17694,389.37848
688.3354,383.91394
688.49396,388.33673
688.65247,384.90817
688.81104,389.39514
688.96967,380.31897
689.1283,381.12784
689.28705,370.16425
689.44574,384.50003
689.60455,373.72168
689.7633,394.4242
689.9222,380.93857
690.08105,392.99805
690.24,380.1957
690.3989,381.9598
690.5579,381.11914
690.7169,387.1916
690.87604,385.8124
691.0351,388.1792
691.1942,388.64148
691.3534,382.0581
691.5126,378.79037
691.6719,392.74246
691.8312,383.564
691.9905,381.72168
692.1498,390.95486
692.3092,373.87308
692.4686,386.84207
692.6281,392.9056
692.7876,391.1751
692.94714,376.8451
693.10675,388.33768
693.26636,384.03058
693.42596,383.45758
693.5857,384.18127
693.7454,386.97287
693.90515,379.95007
694.06494,385.86057
694.22473,388.61267
694.38464,386.4902
694.54456,385.72083
694.70447,381.46838
694.8645,379.33722
695.02454,377.75803
695.1846,395.55695
695.3446,387.7529
695.50476,365.67474
695.6649,379.2498
695.82513,374.42996
695.98535,363.19608
696.1456,365.19067
696.30597,368.24985
696.4663,371.63788
696.6267,373.69427
696.7871,384.2398
696.9476,374.6382
697.10803,375.2876
697.2686,372.93448
697.4292,379.49338
697.5898,379.59146
697.7504,377.665
697.91113,372.58194
698.07184,365.5
698.23254,385.762
698.3934,374.30182
698.5542,365.54507
698.7151,381.29303
698.876,369.64175
699.0369,364.39453
699.1979,363.6219
699.3589,361.18
699.51996,373.09717
699.681,355.7501
699.84216,365.21326
700.0033,359.6796
700.16455,350.46182
700.3258,372.683
700.48706,367.453
700.6483,350.35895
700.8097,356.89505
700.97107,364.91498
701.1325,366.94485
701.294,364.39688
701.45544,363.79053
701.617,364.5665
701.77856,364.62683
701.9402,356.95804
702.10187,363.8362
702.26355,356.8732
702.42523,361.2816
702.58704,354.82062
702.7488,358.07263
702.91064,355.57742
703.0725,357.65945
703.23444,366.5744
703.39636,370.32645
703.55835,371.1813
703.72034,361.39795
703.88245,362.0194
704.0445,358.95364
704.20667,360.14972
704.3688,373.65765
704.531,366.825
704.69324,370.95358
704.8555,370.78168
705.0179,377.563
705.18024,356.40543
705.3426,358.00418
705.505,358.12888
705.6675,357.83936
705.82996,354.57977
705.99255,364.669
706.15515,352.1778
706.31775,357.6052
706.48035,357.01544
706.64307,368.96796
706.8058,352.2027
706.96857,358.5848
707.1314,356.19492
707.29425,361.13443
707.4571,359.97495
707.62,366.68658
707.78296,361.43045
707.9459,351.60196
708.109,355.6296
708.2721,360.1205
708.4352,367.59695
708.59827,357.7279
708.7615,351.66327
708.9247,359.0868
709.08795,358.68896
709.2513,352.8415
709.4146,348.79926
709.57794,363.62292
709.74133,343.2736
709.9048,353.11197
710.06824,355.11197
710.2318,352.40717
710.3954,351.09195
710.55896,353.5048
710.72253,350.88574
710.8862,351.41776
711.0499,353.46817
711.2137,351.4792
711.3775,354.2593
711.5413,352.9104
711.7052,349.8075
711.869,354.24057
712.03296,349.8419
712.19696,346.5015
712.36096,350.34552
712.525,348.19836
712.6891,347.78445
712.8532,345.5198
713.0174,348.10617
713.1816,344.29755
713.3458,345.1276
713.5101,339.14578
713.6744,348.12003
713.83875,346.6052
714.0031,344.62665
714.16754,342.94687
714.33203,353.06805
714.4965,347.975
714.661,345.72348
714.8256,332.4451
714.99023,329.92822
715.1549,339.92816
715.3196,337.78308
715.4843,346.38217
715.64905,346.93958
715.81384,347.70212
715.9787,336.98212
716.1436,345.80017
716.3085,344.35956
716.4735,345.67978
716.6385,336.77237
716.80347,339.9873
716.96857,340.14713
717.13367,341.9898
717.2988,331.7765
717.464,339.82074
717.6292,334.6863
717.7945,349.79422
717.9598,332.7165
718.1251,335.25098
718.29047,339.3844
718.45593,335.1572
718.62134,335.34076
718.7868,342.08673
718.95233,345.92648
719.1179,334.05396
719.28357,337.09793
719.44916,344.74985
719.61487,325.77396
719.7806,327.7618
719.9463,341.81158
720.1121,340.18442
720.27795,341.89566
720.4438,336.86206
720.60974,336.74268
720.77563,345.94504
720.94165,344.5484
721.10767,342.42636
721.27374,333.1029
721.4398,329.7368
721.60596,339.48337
721.7721,340.55084
721.93835,336.08615
722.1046,337.37454
722.2709,337.7036
722.4372,330.65326
722.6036,336.55103
722.76996,338.33374
722.9364,328.58633
723.1029,331.6965
723.2694,324.1357
723.436,329.35403
723.6026,336.09717
723.7692,336.04007
723.9359,337.71088
724.1026,335.91006
724.26935,352.64832
724.43616,340.63568
724.60297,339.43018
724.76984,320.6301
724.9367,326.04037
725.10364,334.3423
725.2706,328.22565
725.4377,333.83167
725.60474,324.68823
725.77185,326.59262
725.93896,331.23456
726.10614,325.5907
726.2733,340.97577
726.4406,331.88745
726.6079,332.6786
726.77527,330.94446
726.94257,325.83328
727.11,321.74915
727.27747,333.3408
727.44495,337.69736
727.6124,337.88956
727.77997,335.79584
727.94763,321.193
728.11523,318.85464
728.2829,340.69702
728.45056,330.76184
728.61835,326.84772
728.78613,330.33322
728.954,324.56198
729.1218,324.2725
729.28973,336.92566
729.4577,334.25037
729.6257,326.943
729.7937,321.85577
729.9618,324.7915
730.1299,333.89594
730.298,325.51227
730.4662,324.71182
730.6344,325.13583
730.8026,322.81915
730.97095,320.7192
731.1393,323.38354
731.3076,333.40427
731.4761,330.1946
731.6445,320.4447
731.813,336.5442
731.9815,326.46143
732.1501,326.67236
732.3187,315.14026
732.4873,326.82028
732.656,324.03116
732.8247,330.04456
732.99347,316.498
733.16223,320.7826
733.3311,316.51553
733.5,316.7667
733.6689,317.27997
733.8378,319.86765
734.00684,322.16888
734.1759,322.77795
734.345,326.63104
734.51404,329.10388
734.6832,317.33496
734.8524,315.4175
735.0216,313.4345
735.19086,313.266
735.3602,313.7078
735.52954,321.13654
735.6989,319.8149
735.8683,318.91125
736.0378,319.83
736.2073,316.38492
736.37683,312.4858
736.5464,312.13394
736.716,318.51242
736.8857,321.56985
737.05536,310.40808
737.2251,315.5763
737.3949,314.21756
737.5647,318.6205
737.7345,324.42963
737.9044,318.12735
738.07434,324.2041
738.2443,323.31094
738.4143,316.52643
738.58435,309.89072
738.75446,307.05685
738.92456,310.01642
739.0947,317.61203
739.26495,309.522
739.4352,306.3599
739.60547,317.02
739.77576,314.48395
739.94617,316.13943
740.1166,313.53143
740.287,303.1635
740.45746,316.08502
740.628,308.28436
740.7985,300.44025
740.9691,301.8686
741.1398,306.5394
741.3104,310.64078
741.48114,307.9924
741.6519,311.23044
741.8227,312.9234
741.9935,304.26804
742.1644,309.7206
742.3353,309.8896
742.5062,297.06693
742.67725,305.62363
742.84827,314.84427
743.01935,307.49695
743.1904,309.2518
743.3616,309.881
743.5328,314.10358
743.704,310.52283
743.87524,306.9075
744.0465,311.50778
744.2179,307.14236
744.3893,310.5907
744.56067,298.1921
744.7322,307.4301
744.9037,308.73145
745.0752,305.35056
745.24677,313.65628
745.4184,314.526
745.59,314.23236
745.7618,309.90887
745.9335,310.43576
746.1053,311.35703
746.2771,307.84344
746.4489,308.47974
746.62085,300.6056
746.7928,309.49152
746.9647,309.23395
747.1368,311.67172
747.30884,314.47974
747.4809,301.53192
747.6531,301.19916
747.82526,312.0205
747.99744,308.28815
748.1697,292.98874
748.342,309.1527
748.5143,310.75156
748.68665,315.9769
748.8591,306.17685
749.03156,309.36627
749.20404,310.54544
749.3766,304.7912
749.54913,295.36063
749.72174,302.23987
749.8944,298.10654
750.0671,300.77332
750.23987,309.54376
750.4126,307.16623
750.5854,304.0451
750.75824,300.9903
750.93115,303.1997
751.10406,300.91263
751.27704,302.3287
751.4501,302.83286
751.6231,298.43442
751.7962,306.00372
751.9693,296.80865
752.14246,300.1949
752.3157,307.14227
752.4889,288.92395
752.66223,306.6081
752.8356,298.41547
753.0089,302.29364
753.1823,306.12674
753.3558,305.6666
753.52924,295.63083
753.70276,302.32147
753.87634,303.6755
754.0499,303.00592
754.2236,301.80887
754.3973,297.75677
754.571,297.60263
754.74475,295.1339
754.9186,296.89597
755.0924,301.53894
755.2663,292.81952
755.44025,298.56476
755.6142,301.79694
755.7882,290.8304
755.9623,301.6657
756.13635,297.9084
756.3104,298.50955
756.4846,296.08835
756.6588,297.8902
756.8331,302.33667
757.0074,294.33438
757.1817,296.3826
757.3561,292.28513
757.53046,301.3077
757.70496,289.51663
757.8794,296.8465
758.05396,302.6064
758.2285,297.00568
758.40314,300.09595
758.57776,301.99524
758.75244,300.18338
758.9272,301.81433
759.1019,301.2769
759.27673,292.21567
759.4516,292.77466
759.6265,293.71695
759.8014,299.66922
759.97644,288.86978
760.1514,313.3958
760.3265,296.1572
760.5016,288.81772
760.6767,290.47125
760.85187,301.39267
761.0271,297.33435
761.20233,295.45355
761.3776,288.12604
761.553,295.36057
761.72833,313.32788
761.90375,295.72665
762.0792,286.1553
762.2547,299.47336
762.43024,304.9223
762.60583,282.88016
762.78143,294.0404
762.9571,286.10135
763.13275,297.9155
763.30853,292.9545
763.48425,283.82922
763.6601,295.45123
763.836,283.57767
764.01184,280.39972
764.18787,300.18048
764.36383,288.93774
764.53986,291.46054
764.7159,303.41272
764.89197,279.8171
765.0681,297.19785
765.2443,296.30237
765.42053,287.4575
765.5968,298.68793
765.7731,286.4288
765.94946,292.647
766.12585,289.07834
766.30225,285.38718
766.47876,284.69077
766.6552,302.30853
766.8318,294.08316
767.0084,291.52887
767.185,280.43604
767.3617,290.21655
767.5384,276.15167
767.71515,286.1959
767.89197,279.69806
768.0688,288.70172
768.24567,281.2362
768.42255,288.0698
768.5995,284.87042
768.7765,282.5835
768.95355,280.102
769.1306,294.6523
769.30774,320.16125
769.4849,276.63412
769.6621,284.30844
769.83936,289.60577
770.01666,280.6409
770.194,282.65674
770.37134,280.87225
770.5487,284.53088
770.7262,286.16553
770.9037,284.847
771.0812,288.6054
771.2587,290.14917
771.4364,299.2618
771.614,300.38632
771.7917,282.98297
771.9694,291.6991
772.1472,279.81192
772.3251,282.6752
772.50287,284.17398
772.6808,277.3568
772.85876,278.6191
773.03674,278.99655
773.2147,281.4484
773.39276,284.22205
773.5709,276.7614
773.749,276.67105
773.9272,291.4654
774.1054,287.6953
774.2837,280.31323
774.46204,279.63895
774.6403,280.00748
774.8187,290.5681
774.9972,295.2084
775.17566,274.31058
775.3541,272.92072
775.5327,277.8821
775.7113,281.87485
775.88995,288.80643
776.0686,278.78595
776.2473,274.2013
776.4261,283.10693
776.60486,281.8359
776.7837,281.9038
776.9626,282.21588
777.1415,274.25534
777.32043,268.95203
777.4995,263.0245
777.6785,272.1144
777.8576,279.6627
778.03674,275.562
778.21594,270.00998
778.39514,276.30142
778.57434,273.87598
778.75366,285.07007
778.933,279.39523
779.1124,283.25772
779.2918,280.68082
779.4713,276.92896
779.65076,281.63284
779.8303,273.21393
780.0099,275.17453
780.1895,281.3175
780.3692,271.46774
780.5489,273.3634
780.72864,281.78638
780.90845,282.84717
781.08826,277.41003
781.2681,271.23428
781.44806,274.2366
781.62805,271.5301
781.808,272.589
781.98804,278.79922
782.1681,278.17285
782.34827,288.6053
782.52844,278.9145
782.7086,280.198
782.88885,272.86163
783.06915,278.76352
783.24945,276.47983
783.4298,275.28296
783.6102,298.68274
783.7907,270.2197
783.9712,276.09915
784.15173,274.9064
784.33234,263.7404
784.51294,280.96375
784.6936,270.3568
784.8743,277.26697
785.05505,265.56052
785.23584,292.33676
785.4166,260.30112
785.59753,275.61322
785.77844,283.17206
785.95935,280.87112
786.1404,267.06973
786.3214,266.33
786.5025,276.81158
786.68365,270.06488
786.8648,279.73755
787.046,266.72195
787.22723,275.46915
787.40857,267.46518
787.58984,256.61722
787.77124,272.70526
787.95264,273.92612
788.1341,274.83377
788.31555,274.89447
788.49713,273.81317
788.6787,267.51108
788.8603,283.09613
789.042,265.8558
789.2237,279.71454
789.4054,264.01852
789.5872,257.69095
789.76904,260.126
789.9509,269.09625
790.1329,258.63242
790.3148,255.72418
790.49677,268.53528
790.67883,267.43066
790.8609,265.50482
791.043,266.49847
791.2252,274.88712
791.4074,262.98645
791.58966,266.02594
791.772,259.55753
791.9543,268.31555
792.13666,266.89975
792.3191,264.9596
792.5015,261.56845
792.684,273.34158
792.8666,271.96826
793.0492,262.8016
793.2318,262.60446
793.4144,264.8748
793.59717,258.14633
793.7799,267.33664
793.96277,264.07657
794.14557,256.38934
794.3284,266.142
794.51135,266.14932
794.69434,261.4792
794.8773,257.77518
795.0604,265.37036
795.24347,266.92133
795.42664,256.3815
795.60974,264.01477
795.793,264.85886
795.97626,261.4599
796.15955,253.2689
796.3429,264.9678
796.52625,270.59036
796.7097,266.82642
796.8932,267.47278
797.0767,258.97528
797.26025,264.33362
797.44385,256.1078
797.6275,270.4254
797.81116,262.23215
797.9949,254.19986
798.17865,266.02966
798.3624,259.05835
798.5463,252.77324
798.7302,257.72736
798.9142,260.18875
799.09814,268.78952
799.2821,266.10095
799.4662,257.2351
799.65027,269.96942
799.8345,258.31754
800.0187,254.19328
800.2029,248.28688
800.38715,256.91348
800.5715,260.98267
800.7558,256.5939
800.94025,251.39888
801.12463,249.62837
801.3092,259.7461
801.4937,257.03543
801.6783,254.54639
801.8629,258.56268
802.04755,259.80347
802.23224,253.90721
802.417,256.42862
802.60175,262.6019
802.78656,256.3913
802.9715,255.6853
803.1564,252.92506
803.3413,253.75961
803.5263,261.72565
803.71136,254.84315
803.8964,252.78304
804.0816,252.59827
804.2667,249.30359
804.45197,257.2015
804.6372,243.52324
804.8225,253.70834
805.0079,256.16537
805.19324,251.68855
805.37866,259.9157
805.5641,252.45357
805.74963,252.00197
805.9352,251.96188
806.1207,249.87721
806.3064,247.562
806.49207,249.09615
806.67786,248.14906
806.8636,256.96988
807.0494,250.11417
807.2352,252.81412
807.42114,252.88881
807.60706,257.73492
807.7931,254.67142
807.97906,253.77486
808.16516,251.93985
808.3512,261.8152
808.5374,255.27184
808.7236,259.3076
808.9098,259.48813
809.09607,249.55621
809.2824,248.45273
809.4688,252.33568
809.6552,252.43979
809.8417,245.5813
810.0282,244.76472
810.2147,250.84843
810.40125,247.44785
810.5879,250.5673
810.77454,257.29117
810.9613,257.026
811.148,248.72453
811.33484,255.50008
811.5216,244.15329
811.70856,253.13033
811.89545,254.0834
812.0824,243.76984
812.2694,251.67395
812.4565,257.45288
812.6436,246.6306
812.8307,246.45961
813.01794,249.42989
813.20514,247.5188
813.3924,243.06648
813.5797,247.32732
813.7671,248.46379
813.95447,242.92801
814.1419,244.69481
814.3294,242.99469
814.51697,246.79437
814.70447,244.25662
814.8921,246.61281
815.0798,241.92229
815.26746,249.7291
815.4552,242.23354
815.643,242.99751
815.8308,240.43712
816.0187,242.1306
816.20667,243.53247
816.3946,236.90535
816.5826,244.88652
816.7706,237.88467
816.95874,241.83589
817.14685,238.81964
817.335,238.538
817.52325,241.15399
817.71155,232.8921
817.8998,258.42386
818.0882,251.36841
818.27655,240.78421
818.46497,241.69452
818.65344,244.65546
818.842,240.57181
819.0306,237.63486
819.2191,237.29242
819.40784,242.25658
819.5965,246.20013
819.7853,237.70294
819.974,239.15086
820.1629,238.56676
820.35175,238.55077
820.54065,237.81793
820.7296,246.55487
820.91864,249.47247
821.1077,236.3991
821.29675,239.6216
821.48596,242.57663
821.6751,235.46439
821.86426,238.76878
822.0535,241.26204
822.24286,238.07379
822.43225,244.31868
822.6216,245.4981
822.81104,235.13441
823.0005,237.73755
823.19006,240.52682
823.3796,245.03108
823.5692,241.18591
823.7589,240.34302
823.94855,230.69934
824.1383,243.87198
824.3281,219.2369
824.51794,234.84714
824.7078,236.1228
824.89777,251.23466
825.0877,253.54317
825.2777,252.63432
825.4678,242.15692
825.65784,235.30103
825.84796,229.3124
826.0382,222.8356
826.2284,241.68445
826.41864,237.7266
826.609,246.87404
826.7993,258.6357
826.98975,252.12245
827.1802,250.11787
827.3706,234.13565
827.5612,225.07901
827.7518,218.32825
827.9424,227.76189
828.133,235.7234
828.3237,225.99072
828.51447,243.95074
828.70526,246.55803
828.8961,207.37834
829.08704,218.56613
829.27795,236.20067
829.46893,236.2896
829.66,230.44992
829.85095,229.2367
830.0421,228.6543
830.2332,238.80695
830.42444,218.82233
830.6156,218.553
830.80695,226.11372
830.9982,225.64209
831.18964,229.19249
831.38104,229.53113
831.57245,227.79657
831.764,229.62051
831.95557,227.96901
832.1471,216.59964
832.33875,215.50804
832.53046,236.72478
832.72217,243.08736
832.9139,233.85802
833.10565,228.8804
833.29755,236.07335
833.48944,224.58624
833.68146,219.91983
833.87335,230.5035
834.0654,234.07698
834.2575,242.00029
834.4496,228.69073
834.6418,223.90909
834.834,238.3612
835.0262,230.63853
835.21857,246.27151
835.4108,216.7291
835.6032,237.79619
835.7957,235.2214
835.9881,231.51793
836.18066,233.20407
836.3732,238.14497
836.5658,227.99881
836.7585,238.57462
836.9512,227.43063
837.14386,230.51068
837.33673,235.08775
837.5295,232.48877
837.72235,232.02095
837.9152,232.22102
838.1082,238.29427
838.3013,230.2077
838.4943,229.37187
838.6874,229.77953
838.88055,220.59901
839.0737,223.02557
839.2669,230.94298
839.46014,234.48584
839.6535,227.21667
839.84686,235.95453
840.0402,218.5025
840.2337,218.97995
840.42725,232.75314
840.6208,218.44797
840.81433,217.57443
841.008,222.25043
841.20166,222.54646
841.3953,227.0215
841.5892,222.80557
841.7829,223.31584
841.97675,220.70392
842.1707,217.47733
842.3646,218.91908
842.5586,224.77379
842.7526,228.23557
842.94666,232.08472
843.1408,214.12874
843.33496,222.64102
843.5292,212.67561
843.72345,217.64066
843.9178,215.06787
844.1121,219.59312
844.30646,218.06784
844.50085,224.3165
844.69543,225.15904
844.88983,218.00995
845.0845,222.03383
845.2791,221.58276
845.47375,218.57436
845.66846,228.24197
845.86316,212.90886
846.0579,222.50368
846.2528,224.831
846.44763,220.43222
846.6426,218.68947
846.8376,228.41852
847.0326,217.94246
847.22766,216.12564
847.4227,216.66112
847.61786,212.46066
847.8131,212.72617
848.0083,215.20177
848.2036,218.15868
848.3989,221.5953
848.59436,219.1479
848.78973,217.07658
848.98517,214.26862
849.18066,216.98125
849.3763,207.76164
849.5719,189.66214
849.76746,196.2724
849.9632,182.96928
850.1589,175.48093
850.3547,202.84215
850.5505,209.08165
850.7464,195.35968
850.94226,218.37032
851.1383,220.98448
851.3343,219.71939
851.5303,210.1871
851.7264,215.42236
851.92255,213.52917
852.1188,209.79668
852.31494,219.1088
852.5112,217.92717
852.7075,214.54929
852.90393,214.41711
853.1003,212.74445
853.29675,217.8501
853.4933,212.81093
853.6898,214.9969
853.8864,214.31168
854.0831,194.47409
854.2798,176.31215
854.47644,150.9432
854.6732,171.6605
854.8701,200.0142
855.0669,197.73732
855.26385,214.145
855.4608,212.81915
855.65784,212.1882
855.85486,215.04677
856.05194,208.21877
856.249,221.65019
856.4463,213.96835
856.64343,213.82695
856.8407,216.60413
857.0381,214.68654
857.2355,217.71347
857.4328,214.67989
857.63025,214.54958
857.8278,211.0127
858.02527,209.98958
858.22296,207.1426
858.4206,207.37592
858.6183,212.31223
858.81604,215.58757
859.0138,213.00624
859.21155,207.96423
859.40936,212.05956
859.6073,207.53523
859.8053,205.66872
860.0033,206.05315
860.20135,198.05098
860.3994,203.73627
860.59753,213.06696
860.7957,204.97922
860.99396,208.14816
861.19226,202.46313
861.3905,214.48982
861.589,201.12163
861.7873,206.60904
861.98584,208.89592
862.18427,208.10715
862.3828,200.66962
862.5814,199.94824
862.7801,215.67801
862.9788,201.94264
863.17755,217.05405
863.3763,209.05467
863.5751,205.22961
863.7739,199.20944
863.97284,200.16052
864.1719,209.15446
864.3708,210.26747
864.56995,209.31845
864.76904,204.7856
864.96814,206.2124
865.1673,188.7549
865.3666,200.58153
865.5658,198.11778
865.76514,193.31807
865.96454,209.37086
866.16394,163.786
866.36346,167.37015
866.56287,141.23926
866.7625,154.84505
866.9621,196.04044
867.16174,174.72993
867.36145,197.55475
867.56116,201.8286
867.7609,185.735
867.9608,199.47485
868.16064,203.76642
868.36066,200.9962
868.56055,202.79926
868.76056,195.26021
868.96063,195.28737
869.16077,202.18726
869.36096,200.61504
869.56116,203.6958
869.76135,208.56178
869.9616,203.82712
870.162,202.70428
870.3624,206.80693
870.5628,208.4673
870.7633,213.56602
870.96375,203.41739
871.16437,205.73862
871.36505,198.69376
871.5656,212.56473
871.7664,203.93222
871.9671,200.8198
872.16797,204.33096
872.3688,207.09138
872.56964,220.9793
872.7706,202.62683
872.97156,204.86925
873.17267,198.89687
873.3737,203.34013
873.5748,210.54344
873.776,204.78915
873.97723,204.5048
874.1785,202.61388
874.37976,201.47186
874.5812,200.06032
874.78253,197.35341
874.984,198.80786
875.1854,198.15698
875.387,190.91307
875.5887,199.2778
875.7902,207.04099
875.9919,193.01286
876.19366,191.2416
876.3954,185.95435
876.5973,209.93445
876.79913,198.63214
877.0011,202.36024
877.203,205.34612
877.40497,195.95529
877.60706,211.69637
877.8092,205.54874
878.01135,190.58746
878.2135,202.03767
878.4157,205.2397
878.61804,207.4266
878.82043,206.56609
879.02277,204.98938
879.2252,188.47273
879.4276,192.09302
879.6302,198.1157
879.8327,203.03429
880.03534,204.48317
880.238,209.30771
880.44073,212.0568
880.64343,202.74875
880.8463,200.51178
881.04913,195.12961
881.25195,204.32736
881.4549,201.16122
881.6579,204.0721
881.86096,194.8968
882.0641,198.0292
882.2672,204.04282
882.47034,160.29279
882.6735,198.16747
882.87683,189.58977
883.0801,193.44218
883.2835,187.60136
883.48694,176.41492
883.6903,206.48396
883.89386,193.06168
884.09735,199.3829
884.30096,190.33813
884.5046,200.77417
884.7083,192.34283
884.912,190.69237
885.11584,183.64209
885.31964,195.49834
885.52356,182.43771
885.7274,185.21564
885.93146,191.84456
886.13544,181.45345
886.33954,183.73949
886.54364,196.14278
886.74774,179.58327
886.95197,167.88243
887.15625,182.98137
887.36053,186.46951
887.5648,185.76036
887.7692,195.13454
887.97375,186.11809
888.1782,188.56084
888.3827,201.01817
888.5873,183.44276
888.792,183.87086
888.9966,178.91888
889.20135,178.83748
889.4061,192.2063
889.61096,191.39731
889.8158,192.01302
890.0207,190.22704
890.2257,187.15308
890.43066,185.10469
890.63574,193.48952
890.8408,200.23618
891.046,202.12016
891.25116,202.30345
891.4564,197.95442
891.66174,198.0726
891.867,211.67189
892.07245,175.12741
892.27783,206.31776
892.4833,203.98056
892.68884,197.45674
892.8944,201.59761
893.1,194.99199
893.30566,192.16054
893.5114,198.30351
893.71716,205.33484
893.92303,205.74988
894.1288,214.18243
894.3348,193.0831
894.5407,194.4139
894.7467,208.7968
894.95276,190.55547
895.1589,199.36975
895.36505,196.7059
895.57117,204.72273
895.77747,197.0136
895.9837,173.72705
896.19006,208.66432
896.39636,182.37283
896.60284,181.35144
896.80927,188.28073
897.0158,206.7281
897.22235,203.17249
897.429,185.34425
897.6356,192.88663
897.8424,204.99791
898.04913,213.75873
898.256,196.52367
898.46277,205.86578
898.66974,199.06056
898.87665,156.9605
899.0837,129.60109
899.2907,137.26663
899.49786,167.67126
899.70496,207.05537
899.9121,207.93002
900.1193,172.19456
900.32666,157.60686
900.534,164.18457
900.7414,191.6382
900.94885,176.70801
901.15625,171.99182
901.3638,176.01715
901.5714,171.87354
901.779,157.45009
901.98663,159.47433
902.19434,173.60716
902.40216,178.6984
902.61,160.12553
902.81775,159.32486
903.0257,175.11993
903.2337,179.90114
903.4417,179.62851
903.6497,197.58345
903.8578,201.75562
904.0659,185.37411
904.2741,194.68297
904.4824,173.81303
904.6906,171.77478
904.89905,171.31387
905.1074,162.62543
905.3158,137.99878
905.5243,195.61156
905.7328,144.77011
905.9414,0.0
906.15,0.0
906.3587,0.0
906.5674,0.0
906.7762,0.0
906.98505,0.0
907.19385,0.0
907.40283,0.0
907.6117,0.0
907.8208,0.0
